/******************************CREATE DATABASE********************************/
create database QUANLYHOCTAP_B7_2574802010111
GO 
USE QUANLYHOCTAP_B7_2574802010111

/************************TAO BANG KHOA QUAN LY SINH VIEN*************************/
CREATE TABLE KHOA(MAKHOA VARCHAR(4) NOT NULL ,
			TENKHOA NVARCHAR(30) NOT NULL,
			      NAMTHANHLAP INT NOT NULL)

/************************TAO BANG SVIEN QUAN LY SINH VIEN*************************/
CREATE TABLE SVIEN(TEN NVARCHAR(30) NOT NULL,
			MASV INT NOT NULL,
				NGAYSINH DATE,
					GIOITINH BIT,
						NAM INT NOT NULL,
							MAKH VARCHAR(4) NOT NULL)

/************************TAO BANG NANKHIEU QUAN LY SINH VIEN*************************/
CREATE TABLE NANGKHIEU(MASV INT NOT NULL,
			TENNANGKHIEU NVARCHAR(30) NOT NULL)

/*************************KHOA CHINH **********************************/
ALTER TABLE SVIEN
		ADD CONSTRAINT PK_SVIEN 
			PRIMARY KEY (MASV)
ALTER TABLE KHOA
		ADD CONSTRAINT PK_KHOA 
			PRIMARY KEY (MAKHOA)
			
ALTER TABLE NANGKHIEU
		ADD CONSTRAINT PK_NANGKHIEU
			PRIMARY KEY (MASV, TENNANGKHIEU)

/***************************KHOA NGOAI***************************/
ALTER TABLE SVIEN 
		ADD CONSTRAINT FK_SVIEN_MAKH FOREIGN KEY (MAKH)
			REFERENCES KHOA (MAKHOA)
ALTER TABLE NANGKHIEU 
		ADD CONSTRAINT FK_NANGKHIEU_MASV FOREIGN KEY (MASV)
			REFERENCES SVIEN(MASV)

/*******************XOA DATABASE*********************/
go
use master

drop database QUANLYHOCTAP_B7_2574802010111

/****************************XOA KHOA NGOAI******************************/
ALTER TABLE  NANGKHIEU
		DROP CONSTRAINT FK_NANGKHIEU_MASV 


ALTER TABLE  SVIEN
		DROP CONSTRAINT FK_SVIEN_MAKH 

/****************************XOA KHOA CHINH *******************************/

ALTER TABLE  NANGKHIEU
		DROP CONSTRAINT PK_NANGKHIEU 

ALTER TABLE  SVIEN
		DROP CONSTRAINT PK_SVIEN 

ALTER TABLE  KHOA
		DROP CONSTRAINT PK_KHOA 

/***********************XOA DU LIEU CUA BANG******************************/
DELETE NANGKHIEU
delete SVIEN
delete KHOA

/***********************XOA BANG******************************/
DROP TABLE NANGKHIEU
drop table SVIEN
drop table KHOA

/**********************************USE DATABASE********************************/
INSERT INTO KHOA VALUES('CNTT',N'Công Nghệ Thông Tin',1995)
INSERT INTO KHOA VALUES('VL',N'Vật Lý',1976)
INSERT INTO KHOA VALUES('TOAN',N'Toán',1976)

INSERT INTO SVIEN VALUES(N'Lý Thánh Tông',1,'1993-01-03',1,1,'CNTT')
INSERT INTO SVIEN VALUES(N'Lý Thường Kiệt',2,'1993-03-03',1,2,'CNTT')
INSERT INTO SVIEN VALUES(N'Lý Thông',3,'1993-06-08',1,3,'TOAN')
INSERT INTO SVIEN VALUES(N'Lý Nhã Kỳ',4,'1994-01-10',0,1,'CNTT')
INSERT INTO SVIEN VALUES(N'Lý Hải',5,'1992-04-12',1,2,'CNTT')
INSERT INTO SVIEN VALUES(N'Lý Thị Huyền Châu',6,'1993-08-08',0,3,'TOAN')
INSERT INTO SVIEN VALUES(N'Lý Công Uẩn',7,'1994-03-02',1,3,'TOAN')
INSERT INTO SVIEN VALUES(N'Lý Nam Đế',8,'1995-01-09',1,1,'VL')
INSERT INTO SVIEN VALUES(N'Lý Bạch',9,'1993-04-02',1,2,'CNTT')
INSERT INTO SVIEN VALUES(N'Lý Đức',10,'1992-11-12',1,3,'VL')
INSERT INTO SVIEN VALUES(N'Lý Nguyên Hạo',11,'1993-06-09',1,3,'TOAN')
INSERT INTO SVIEN VALUES(N'Lý Thế Dân',12,'1993-01-03',1,1,'CNTT')
INSERT INTO SVIEN VALUES(N'Lý Liên Kiệt',13,'1993-04-03',1,2,'CNTT')
INSERT INTO SVIEN VALUES(N'Lý tiểu Long',14,'1993-09-09',1,3,'VL')
INSERT INTO SVIEN VALUES(N'Lý Bí',15,'1993-10-10',1,3,'VL')
INSERT INTO SVIEN VALUES(N'Lý Mạc Sầu',16,'1994-10-09',0,1,'VL')
INSERT INTO SVIEN VALUES(N'Lý Liên Anh',17,'1993-11-07',0,1,'VL')
INSERT INTO SVIEN VALUES(N'Lý Băng Băng',18,'1994-05-09',1,3,'VL')

INSERT INTO NANGKHIEU VALUES(1, 'JAVA')
INSERT INTO NANGKHIEU VALUES(1, 'C#')
INSERT INTO NANGKHIEU VALUES(1, 'PYTHON')
INSERT INTO NANGKHIEU VALUES(2, 'JAVA')
INSERT INTO NANGKHIEU VALUES(3, 'SQL')
INSERT INTO NANGKHIEU VALUES(3, 'JAVA')
INSERT INTO NANGKHIEU VALUES(4, 'C++')
INSERT INTO NANGKHIEU VALUES(4, 'PERL')
INSERT INTO NANGKHIEU VALUES(5, 'JAVA')
INSERT INTO NANGKHIEU VALUES(6, 'C++')

/****************************HAM XUAT*********************************/
SELECT * FROM KHOA 
SELECT * FROM SVIEN 
SELECT * FROM NANGKHIEU
/****************************TRUY VAN DU LIEU************************/
--1: Hãy cho biết số lượng sinh viên của từng khoa
SELECT COUNT(MASV) SOLUONGSV
FROM SVIEN
GROUP BY MAKH
--2: Hãy đếm tất cả sinh viên
SELECT COUNT(MASV) SLSV
FROM SVIEN
--3: Hãy cho biết mã khoa và số lượng sinh viên
select makh, count(masv) slsv
from svien
group by makh
--4: Hãy cho biết mã khoa và số lượng sinh viên Nam của từng khoa
select makh, count(*) slsv
from svien
where GIOITINH = 1
group by makh
--5: Hãy cho biết mã khoa có số lượng sinh viên từ 5 trở lên
SELECT MAKH FROM SVIEN
GROUP BY MAKH HAVING COUNT(*) >= 5
--
SELECT MAKH, COUNT(*) SLSV
FROM SVIEN
GROUP BY MAKH, GIOITINH
HAVING GIOITINH = 1
--
SELECT TEN FROM SVIEN ORDER BY NAM
--
SELECT S.MASV, S.TEN, K.TENKHOA FROM SVIEN S, KHOA K, NANGKHIEU N
WHERE N.TENNANGKHIEU = N'JAVA' AND K.MAKHOA = S.MAKH AND S.MASV=N.MASV