--------------------------------TẠO DATABASE PRODUCT--------------------------------
CREATE DATABASE PRODUCT_DB_B9_01
GO
USE PRODUCT_DB_B9_01
---
CREATE TABLE CUSTOMER_T
(
	CUSTOMER_ID INT NOT NULL,
	CUSTOMER_NAME NVARCHAR(25) NOT NULL,
	CUSTOMER_GENDER BIT NULL,
	CUSTOMER_ADDRESS NVARCHAR(50),
	CITY NVARCHAR(30),
	STATE NVARCHAR(30),
	POST_CODE NVARCHAR(9),
	CONSTRAINT CUSTOMER_PK PRIMARY KEY (CUSTOMER_ID)
)


CREATE TABLE ORDER_T
(
	ORDER_ID INT NOT NULL,
	ORDER_DATE DATETIME DEFAULT (GETDATE()),
	CUSTOMER_ID INT,
	CONSTRAINT ORDER_PK PRIMARY KEY (ORDER_ID)
)

CREATE TABLE PRODUCT_T
(
	PRODUCT_ID INT NOT NULL,
	PRODUCT_DESCRIPTION NVARCHAR(50),
	PRODUCT_FINISH NVARCHAR(20) 
	CHECK (PRODUCT_FINISH IN ('Cherry','Natural Ash','White Ash', 'Red Oak','Natural Oak','Walnut')),
	STANDARD_PRICE FLOAT,
	PRODUCT_ON_HAND INT,
	CONSTRAINT PRODUCT_PK PRIMARY KEY (PRODUCT_ID)
)

CREATE TABLE ORDER_LINE_T
(
	ORDER_ID INT NOT NULL,
	PRODUCT_ID INT NOT NULL,
	ORDERED_QUATITY INT,
	CONSTRAINT ORDER_LINE_PK PRIMARY KEY (ORDER_ID,PRODUCT_ID)
)

--------------------------------XOÁ DATABASE PRODUCT--------------------------------
DROP DATABASE PRODUCT_DB_B9_01

--------------------------------XOÁ TABLE PRODUCT--------------------------------
DELETE FROM ORDER_LINE_T
DELETE FROM PRODUCT_T
DELETE FROM ORDER_T
DELETE FROM CUSTOMER_T

DROP TABLE ORDER_LINE_T
DROP TABLE PRODUCT_T
DROP TABLE ORDER_T
DROP TABLE CUSTOMER_T

--------------------------------DỮ LIỆU BẢNG PRODUCT--------------------------------
------------BẢNG Customer_T
INSERT INTO Customer_T(CUSTOMER_ID, CUSTOMER_NAME,CUSTOMER_GENDER, CUSTOMER_ADDRESS, CITY, STATE, POST_CODE)
VALUES (001, 'Sanest',1, '1355 S. Himes Blvd.', 'Gainesville', 'HI', 32601)

INSERT INTO Customer_T 
VALUES (007, 'Jonathan',1, '1355 S. Himes Blvd.', 'Gainesville', 'CA', 32601)

INSERT INTO Customer_T 
VALUES (008, 'Demi',0, '1355 S. Himes Blvd.', 'Gainesville', 'PA', 32601)

INSERT INTO Customer_T(CUSTOMER_ID, CUSTOMER_NAME,CUSTOMER_GENDER,  CUSTOMER_ADDRESS, CITY, STATE, POST_CODE)
VALUES (005, 'Contemporary Casuals',1,'1355 S. Himes Blvd.', 'Gainesville', 'FL', 32601)

INSERT INTO CUSTOMER_T(CUSTOMER_ID, CUSTOMER_NAME,CUSTOMER_GENDER,  CUSTOMER_ADDRESS, CITY, STATE, POST_CODE)
VALUES(009,N'Lý Thị Huyền Châu',0, N'45 Trần Hưng Đạo', 'HCM', 'Q5', '51231') 

------------BẢNG ORDER_T
INSERT INTO ORDER_T(ORDER_ID,CUSTOMER_ID)
VALUES(10,001)

INSERT INTO ORDER_T(ORDER_ID,CUSTOMER_ID)
VALUES(114,001)

---------BẢNG PRODUCT_T
INSERT INTO PRODUCT_T(Product_ID, Product_Description, Product_Finish, STANDARD_PRICE, Product_On_Hand) 
VALUES(01, 'End Table', 'Cherry', 175, 8)

INSERT INTO PRODUCT_T(Product_ID, Product_Description, Product_Finish, STANDARD_PRICE, Product_On_Hand) 
VALUES(02, 'DESKTOP', 'Cherry', 175, 8)

INSERT INTO PRODUCT_T(PRODUCT_ID, PRODUCT_DESCRIPTION, PRODUCT_FINISH, STANDARD_PRICE, Product_On_Hand)
VALUES(03, 'COMPUTER TABLE', 'Cherry', 300, 1) 

INSERT INTO PRODUCT_T(PRODUCT_ID, PRODUCT_DESCRIPTION, PRODUCT_FINISH, STANDARD_PRICE, Product_On_Hand)
VALUES(04, 'TABLE', 'Red Oak', 200, 1) 

INSERT INTO PRODUCT_T(PRODUCT_ID, PRODUCT_DESCRIPTION, PRODUCT_FINISH, STANDARD_PRICE, Product_On_Hand)
VALUES(05, NULL, 'Natural Ash', 201, 1) 

INSERT INTO PRODUCT_T(PRODUCT_ID, PRODUCT_DESCRIPTION, PRODUCT_FINISH, STANDARD_PRICE, Product_On_Hand)
VALUES(06, 'LAPTOP VIO', 'Cherry', 620, 1) 

INSERT INTO PRODUCT_T(PRODUCT_ID, PRODUCT_DESCRIPTION, PRODUCT_FINISH, STANDARD_PRICE, Product_On_Hand)
VALUES(07, 'DESK', 'White Ash', 320,1) 

INSERT INTO PRODUCT_T(PRODUCT_ID, PRODUCT_DESCRIPTION, PRODUCT_FINISH, STANDARD_PRICE, Product_On_Hand)
VALUES(08, 'Mouse', 'White Ash', NULL,1) 

INSERT INTO PRODUCT_T(PRODUCT_ID, PRODUCT_DESCRIPTION, PRODUCT_FINISH, STANDARD_PRICE, Product_On_Hand)
VALUES(09, 'Battery', 'Red Oak', NULL,1) 

INSERT INTO PRODUCT_T(PRODUCT_ID, PRODUCT_DESCRIPTION, PRODUCT_FINISH, STANDARD_PRICE, Product_On_Hand)
VALUES(10, 'Camera', 'Natural Ash', 400,1) 

INSERT INTO PRODUCT_T(PRODUCT_ID, PRODUCT_DESCRIPTION, PRODUCT_FINISH, STANDARD_PRICE, Product_On_Hand)
VALUES(11, 'Keyboard', 'Cherry', 20,1)

--------BẢNG ORDER_LINE_T
INSERT INTO ORDER_LINE_T(ORDER_ID, PRODUCT_ID, ORDERED_QUATITY)
VALUES(10, 01, 5)

INSERT INTO ORDER_LINE_T(ORDER_ID, PRODUCT_ID, ORDERED_QUATITY)
VALUES(10, 02, 8)

INSERT INTO ORDER_LINE_T(ORDER_ID, PRODUCT_ID, ORDERED_QUATITY)
VALUES(10, 07, 9)

INSERT INTO ORDER_LINE_T(ORDER_ID, PRODUCT_ID, ORDERED_QUATITY)
VALUES(114, 06, 10)

INSERT INTO ORDER_LINE_T(ORDER_ID, PRODUCT_ID, ORDERED_QUATITY)
VALUES(114, 02, 5)

--------XEM DỮ LIỆU
SELECT * FROM CUSTOMER_T
SELECT * FROM ORDER_T
SELECT * FROM PRODUCT_T
SELECT * FROM ORDER_LINE_T

---------------------------------------------------------------------------------------------------------
--Ví dụ 1: Hãy cho biết thông tin Khách hàng (CUSTOMER_ID, CUSTOMER_NAME) của những Khách hàng đã từng mua hàng hóa của Công ty (tức là đã có đơn đặt hàng)?
SELECT CUSTOMER_ID, CUSTOMER_NAME
FROM CUSTOMER_T C
WHERE EXISTS (SELECT CUSTOMER_ID 
			FROM ORDER_T O 
			WHERE C.CUSTOMER_ID = O.CUSTOMER_ID)
--Cách khác:
SELECT CUSTOMER_ID, CUSTOMER_NAME
FROM CUSTOMER_T C
WHERE CUSTOMER_ID IN (SELECT CUSTOMER_ID FROM ORDER_T)

--Ví dụ 2: Hãy cho biết những hàng hóa có giá cao nhất?
SELECT * FROM PRODUCT_T
WHERE STANDARD_PRICE = (SELECT MAX(STANDARD_PRICE) FROM PRODUCT_T)
--
SELECT MAX(STANDARD_PRICE) AS GIACAONHAT FROM PRODUCT_T

--Ví dụ 3: Hãy cho biết những hàng hóa đã từng được bán?
SELECT * FROM PRODUCT_T
WHERE PRODUCT_ID IN (SELECT PRODUCT_ID FROM ORDER_LINE_T)

--Ví dụ 4: Hãy cho biết những hàng hóa có giá cao nhất (cách khác)?
SELECT * FROM PRODUCT_T
WHERE STANDARD_PRICE >=ALL (SELECT STANDARD_PRICE FROM PRODUCT_T)

--Ví dụ 5: Hãy cho biết những hàng hóa đã được lập hóa đơn?
SELECT * FROM PRODUCT_T P, (SELECT PRODUCT_ID, ORDERED_QUATITY FROM ORDER_LINE_T) L
WHERE P.PRODUCT_ID = L.PRODUCT_ID

--Ví dụ 6: Hãy cho biết những hóa đơn có tổng số lượng hàng hóa là nhiều nhất?
SELECT O.ORDER_ID, O.ORDER_DATE FROM ORDER_T O, ORDER_LINE_T L
WHERE O.ORDER_ID = L.ORDER_ID
GROUP BY O.ORDER_ID, ORDER_DATE
HAVING SUM(L.ORDERED_QUATITY)>= ALL(SELECT SUM(ORDERED_QUATITY) FROM ORDER_LINE_T GROUP BY ORDER_ID)

--Ví dụ 7: Hãy cho biết những hàng hóa có giá lớn nhất?
SELECT * FROM PRODUCT_T
WHERE STANDARD_PRICE = (SELECT MAX(STANDARD_PRICE) FROM PRODUCT_T)

--Ví dụ 8: Hãy cho biết những hàng hóa nằm trong hóa đơn có mã hóa đơn là 114?
SELECT P.PRODUCT_ID, P.PRODUCT_DESCRIPTION
FROM PRODUCT_T P
WHERE EXISTS (SELECT * FROM ORDER_LINE_T L WHERE P.PRODUCT_ID = L.PRODUCT_ID AND L.ORDER_ID = 114)
